article_id,question_1,question_2,question_3,question_4,question_5,question_6,question_7,question_8,question_9,question_10
1,Quelle est la portée de la loi mentionnée dans l'article?,Quels types d'actes sont régis par cette loi?,Qui est concerné par cette loi selon l'article?,Quel est le titre du livre dans lequel se trouve cet article?,Comment l'article définit-il les commerçants?,Y a-t-il des exceptions mentionnées pour les actes de commerce?,Quelle est l'importance de cette loi pour les commerçants?,L'article précise-t-il des sanctions pour les violations de la loi?,Comment cette loi pourrait-elle affecter les nouvelles entreprises?,Quelles sont les implications de cette loi pour les transactions commerciales?
2,Quelles sont les sources de droit mentionnées dans l'article?,Comment le droit civil est-il appliqué en matière commerciale selon l'article?,Quels principes doivent être respectés lors de l'application du droit civil en commerce?,L'article fait-il référence à des coutumes spécifiques du commerce?,Quelle est la portée des lois commerciales selon cet article?,L'article mentionne-t-il des exceptions à l'application du droit civil?,Comment l'article définit-il la relation entre le droit commercial et le droit civil?,Quels sont les principes fondamentaux du droit commercial évoqués dans l'article?,"L'article indique-t-il une hiérarchie entre les lois, coutumes et usages du commerce?",En quoi cet article est-il pertinent pour les commerçants?
3,Quelles sont les deux catégories de coutumes mentionnées dans l'article?,Comment les coutumes et usages spéciaux se comparent-ils aux coutumes générales?,Quel est le principe fondamental énoncé dans cet article?,Dans quel contexte les coutumes locales sont-elles prioritaires?,L'article fait-il référence à des exceptions aux coutumes générales?,Quel impact les coutumes locales peuvent-elles avoir sur le commerce?,L'article mentionne-t-il des exemples de coutumes spécifiques?,Comment les commerçants doivent-ils interpréter les coutumes locales selon cet article?,Cet article s'applique-t-il à tous les types de commerce?,Quelle est l'importance de la connaissance des coutumes pour un commerçant?
4,Quelle est la nature de l'acte lorsque l'un des contractants est un commerçant et l'autre un civil ?,Quelles règles s'appliquent à la partie pour qui l'acte est commercial ?,Est-il possible d'opposer les règles du droit commercial à la partie civile ?,Quelles dispositions peuvent modifier l'application des règles du droit commercial ?,Comment le droit commercial et le droit civil interagissent-ils dans cet article ?,Quelles sont les implications pour un contractant civil dans un acte commercial ?,L'article mentionne-t-il des exceptions aux règles générales ?,Quel est le contexte juridique de cet article dans le code de commerce ?,Comment cet article pourrait-il affecter les relations entre commerçants et civils ?,Pourquoi est-il important de distinguer entre acte commercial et acte civil ?
5,Quelle est la durée de prescription des obligations entre commerçants selon l'article?,Quelles sont les parties concernées par les obligations mentionnées dans l'article?,L'article mentionne-t-il des exceptions à la durée de prescription de cinq ans?,Quels types de relations commerciales sont abordés dans cet article?,L'article s'applique-t-il uniquement aux commerçants?,Que signifie 'prescription' dans le contexte de cet article?,L'article fait-il référence à des dispositions spéciales en matière de prescription?,Comment l'article définit-il les obligations nées du commerce?,Est-ce que la durée de prescription est la même pour les commerçants et les non commerçants?,Quel est le titre de l'article dans le document 'codedecommerce'?
6,Quelles sont les conditions pour acquérir la qualité de commerçant selon l'article?,Quels types d'achats permettent d'acquérir la qualité de commerçant?,Comment la location de meubles corporels ou incorporels contribue-t-elle à la qualité de commerçant?,Quels sont les types d'immeubles mentionnés dans l'article pour l'acquisition de la qualité de commerçant?,Quelle activité est liée à la recherche et à l'exploitation des mines et carrières?,Quels secteurs sont inclus sous l'activité industrielle ou artisanale?,Quelles opérations financières sont mentionnées dans l'article?,Comment le courtage et la commission sont-ils définis dans le contexte de la qualité de commerçant?,Quels types d'activités sont liés à l'exploitation d'entrepôts et de magasins généraux?,Quel rôle joue l'imprimerie et l'édition dans l'acquisition de la qualité de commerçant?
7,Quelles sont les activités qui permettent d'acquérir la qualité de commerçant selon l'article ?,Quels types d'opérations sont mentionnés concernant les navires ?,L'article mentionne-t-il des opérations liées à l'exploitation des aéronefs ?,Quelle est la portée géographique des activités mentionnées dans l'article ?,L'acquisition de la qualité de commerçant est-elle limitée à un type d'activité ?,Quels accessoires sont inclus dans les opérations portant sur les navires ?,L'article fait-il référence à des activités spécifiques en dehors du commerce maritime et aérien ?,Comment l'exercice habituel des activités influence-t-il la qualité de commerçant ?,Y a-t-il des conditions particulières pour l'acquisition de la qualité de commerçant selon cet article ?,L'article distingue-t-il entre les opérations maritimes et aériennes ?
8,Quelles sont les conditions pour acquérir la qualité de commerçant selon l'article?,Quels types d'activités peuvent être assimilés aux activités énumérées aux articles 6 et 7?,L'exercice d'activités occasionnelles permet-il d'acquérir la qualité de commerçant?,Comment l'article définit-il l'exercice habituel d'une activité?,Y a-t-il des restrictions sur les types d'activités qui peuvent mener à la qualité de commerçant?,Quel est le lien entre l'article 8 et les articles 6 et 7?,La qualité de commerçant peut-elle être acquise sans exercer une activité professionnelle?,Quels sont les articles précédents qui influencent l'acquisition de la qualité de commerçant?,L'article mentionne-t-il des exemples spécifiques d'activités commerciales?,Comment l'article 8 s'inscrit-il dans le contexte du LIVRE PREMIER: LE COMMERÇANT?
9,Quels sont les actes de commerce mentionnés dans l'article?,Quelle est la signification d'une lettre de change dans le contexte commercial?,Un billet à ordre signé par un non-commerçant est-il considéré comme un acte de commerce?,Quelles sont les conditions nécessaires pour qu'un billet à ordre soit valide?,L'article fait-il référence à d'autres articles en rapport avec les actes de commerce?,Comment l'article 9 se positionne-t-il par rapport aux articles 6 et 7?,Quel est le lien entre la transaction commerciale et le billet à ordre?,L'article 9 s'applique-t-il uniquement aux commerçants?,Quels types de transactions peuvent être considérés comme des actes de commerce selon cet article?,Pourquoi est-il important de définir ce qui constitue un acte de commerce?
10,Quels types d'actes sont considérés comme des actes de commerce selon l'article?,Qui est concerné par la définition des actes de commerce dans cet article?,Quelle est la condition pour qu'un acte ne soit pas réputé acte de commerce?,L'article mentionne-t-il des exceptions aux actes de commerce?,Comment l'article définit-il le rôle du commerçant dans les actes de commerce?,Quel est le contexte dans lequel ces actes sont accomplis?,L'article précise-t-il des types spécifiques d'actes commerciaux?,Quelles preuves peuvent être apportées pour contredire la présomption d'acte de commerce?,L'article fait-il référence à d'autres lois ou règlements en matière de commerce?,Quelle est l'importance de la présomption d'acte de commerce pour les commerçants?
11,Quelle est la définition d'un commerçant selon l'article?,Quelles sont les conditions qui peuvent mener à une interdiction d'exercer une activité commerciale?,Que signifie 'déchéance' dans le contexte de l'article?,Quels types d'incompatibilités peuvent affecter l'exercice d'une activité commerciale?,L'article mentionne-t-il des exceptions à la règle sur l'acquisition de la qualité de commerçant?,Comment l'article définit-il l'exercice 'habituel' d'une activité commerciale?,Quelles conséquences peuvent découler de l'exercice d'une activité commerciale malgré une interdiction?,L'article fait-il référence à des sanctions pour ceux qui exercent illégalement une activité commerciale?,Est-ce que l'article précise des critères pour déterminer si une personne est commerçant?,Comment cet article s'inscrit-il dans le cadre plus large du Livre Premier du Code de commerce?
12,Quelle est la règle principale concernant la capacité commerciale selon l'article?,Quels sont les éléments qui peuvent influencer la capacité commerciale?,L'article mentionne-t-il des exceptions à la capacité commerciale?,Quel statut est mentionné comme référence pour la capacité commerciale?,Comment la capacité commerciale est-elle définie dans le contexte du commerce?,L'article précise-t-il des conditions spécifiques pour exercer le commerce?,Quelles sont les implications de la capacité commerciale sur les commerçants?,L'article fait-il référence à d'autres lois ou règlements concernant la capacité commerciale?,Quel est le lien entre le statut personnel et la capacité commerciale selon l'article?,L'article indique-t-il des restrictions pour certains groupes de personnes concernant la capacité commerciale?
13,Quelle est la condition pour qu'un mineur puisse exercer le commerce?,Quel document doit être inscrit au registre du commerce pour un mineur?,Quelles sont les deux procédures mentionnées dans l'article concernant le mineur?,Quel code est référencé pour la déclaration anticipée de majorité?,Quel est le titre du livre où se trouve cet article?,Quel est le sujet principal de l'article 13?,Qui doit faire la déclaration anticipée de majorité?,Est-ce que l'autorisation d'exercer le commerce est suffisante sans inscription?,À quel registre doit-on inscrire l'autorisation d'exercer le commerce?,L'article mentionne-t-il des exceptions à l'autorisation d'exercer le commerce par le mineur?
14,Quel est le rôle du tuteur testamentaire ou datif selon l'article?,Quelles sont les conditions nécessaires pour qu'un tuteur puisse exploiter les biens du mineur?,Quel type d'autorisation doit obtenir le tuteur pour gérer les biens du mineur?,Où doit être inscrite l'autorisation accordée au tuteur?,Quelles conséquences peuvent découler d'une mauvaise gestion par le tuteur?,À quel titre de la loi le tuteur est-il passible de sanctions en cas de mauvaise gestion?,Quel code régit les dispositions concernant l'autorisation du tuteur?,Le tuteur peut-il agir librement sans autorisation dans le commerce?,Quel est le lien entre la gestion des biens du mineur et le registre du commerce?,Quelles procédures peuvent être ouvertes en cas de mauvaise gestion par le tuteur?
15,Quel est l'âge minimum requis pour qu'un étranger puisse exercer le commerce selon l'article?,Que se passe-t-il si la loi nationale d'un étranger fixe un âge de majorité supérieur à celui de la loi marocaine?,Quel article abroge les dahirs formant le code du statut personnel?,Quelle est la date de promulgation de la loi n° 70-03 portant Code de la famille?,Quel est le numéro du Bulletin Officiel où la loi n° 70-03 est publiée?,Quel est le numéro du dahir qui a abrogé les dahirs formant le code du statut personnel?,Quel est le contexte juridique de l'article 15.4?,Comment l'âge de majorité est-il défini pour les étrangers exerçant le commerce?,Quelles modifications ont été apportées à la loi n° 70-03?,Quel impact a l'abrogation des dahirs sur le statut personnel des commerçants?
16,Quel est l'âge de majorité requis par la loi marocaine pour exercer le commerce?,Quelles sont les conditions pour qu'un étranger puisse exercer le commerce au Maroc?,Qui doit donner l'autorisation pour qu'un étranger exerce le commerce?,Où doit être inscrite l'autorisation d'exercer le commerce?,Quel tribunal est compétent pour statuer sur la demande d'autorisation?,Quel est le délai pour statuer sur la demande d'autorisation?,Quelles conséquences y a-t-il si un étranger exerce le commerce sans autorisation?,Comment la loi nationale de l'étranger influence-t-elle sa capacité à exercer le commerce au Maroc?,Est-ce que l'inscription au registre du commerce est facultative ou obligatoire?,Quelles sont les implications de la capacité commerciale sur les activités commerciales d'un étranger?
17,Quel est le statut juridique de la femme mariée en matière d'exercice du commerce selon l'article?,Est-ce que la femme mariée a besoin de l'autorisation de son mari pour exercer une activité commerciale?,Que se passe-t-il si une convention impose une autorisation du mari pour la femme mariée?,L'article mentionne-t-il des exceptions à la capacité commerciale de la femme mariée?,Comment l'article 17 s'inscrit-il dans le cadre plus large du Livre Premier du Code de commerce?,Quelles implications cet article a-t-il sur l'égalité des droits entre époux dans le domaine commercial?,L'article 17 fait-il référence à d'autres lois ou articles en matière de capacité commerciale?,Quels sont les enjeux pratiques pour une femme mariée qui souhaite se lancer dans le commerce?,Comment cet article pourrait-il influencer les conventions matrimoniales futures?,Quelle est la portée de la nullité des conventions contraires mentionnées dans l'article?
18,Quelle est l'obligation principale d'un commerçant selon l'article?,Dans quel type d'établissement un commerçant doit-il ouvrir un compte?,Pourquoi un commerçant doit-il ouvrir un compte bancaire?,L'article mentionne-t-il des exceptions à cette obligation?,Quel est le contexte général de l'article dans le code de commerce?,L'obligation d'ouvrir un compte s'applique-t-elle à tous les commerçants?,Quel est le titre du chapitre où se trouve cet article?,L'article précise-t-il le type de compte à ouvrir?,Quelles sont les conséquences possibles de ne pas respecter cette obligation?,Comment cette obligation peut-elle influencer la gestion financière d'un commerçant?
19,Quelle loi régit les obligations comptables des commerçants?,Quel est le numéro du dahir promulguant la loi n° 9-88?,À quelle date la loi n° 9-88 a-t-elle été promulguée?,Quelles sont les conséquences d'une comptabilité régulièrement tenue pour un commerçant?,Comment la comptabilité est-elle perçue par le juge entre commerçants?,Quel est le numéro du Bulletin Officiel mentionné dans l'article?,Quelle est la portée de la comptabilité pour les faits de commerce?,Quels éléments peuvent modifier ou compléter la loi n° 9-88?,Quel est le titre du chapitre où se trouve cet article?,Dans quel livre du code de commerce cet article est-il inclus?
20,Quel est le sujet principal de l'article 20?,Qui peut opposer le contenu de la comptabilité au commerçant?,Est-ce que la comptabilité doit être tenue de manière régulière pour être opposable?,Quels types de tiers peuvent invoquer la comptabilité d'un commerçant?,Quelles sont les conséquences pour un commerçant si sa comptabilité est irrégulière?,L'article 20 fait-il référence à des obligations spécifiques pour le commerçant?,Comment l'article 20 s'inscrit-il dans le cadre plus large du Livre Premier?,Quel est le titre du chapitre dans lequel se trouve l'article 20?,Y a-t-il des exceptions mentionnées concernant l'opposabilité de la comptabilité?,Quelle est l'importance de la comptabilité pour les commerçants selon cet article?
21,Quel type de documents est mentionné dans l'article?,Que signifie le terme 'double' dans le contexte de cet article?,Qui peut bénéficier de la preuve fournie par les documents comptables?,Dans quelles circonstances les documents comptables sont-ils considérés comme pleine preuve?,Que se passe-t-il si la partie adverse détient un double des documents comptables?,L'article traite-t-il des obligations comptables des commerçants?,Quels sont les effets juridiques des documents comptables sur la partie adverse?,L'article mentionne-t-il des exceptions à la règle de pleine preuve?,Comment les documents comptables peuvent-ils influencer un litige?,L'article fait-il référence à d'autres types de preuves en dehors des documents comptables?
22,Quel est le rôle du tribunal dans la représentation des documents comptables?,Qui peut demander la communication des documents comptables?,Est-ce que le tribunal peut agir d'office concernant les documents comptables?,Quels types de documents sont concernés par cet article?,Dans quel contexte cet article s'applique-t-il?,Quelles sont les obligations du commerçant en matière de documents comptables?,L'article mentionne-t-il des sanctions en cas de non-représentation des documents comptables?,Comment cet article s'inscrit-il dans le cadre plus large du livre premier du code de commerce?,Y a-t-il des exceptions à la communication des documents comptables selon cet article?,Quel est le lien entre cet article et les obligations judiciaires des commerçants?
23,Quelle est la définition de la représentation dans le contexte de la comptabilité?,Quels types d'écritures sont concernés par la représentation?,Quel est l'objectif principal de la représentation selon l'article?,Comment la représentation est-elle liée aux litiges soumis au tribunal?,Pourquoi est-il important d'extraire uniquement les écritures pertinentes?,Quel rôle joue la comptabilité dans la résolution des litiges?,L'article mentionne-t-il des conséquences pour une représentation inappropriée?,Qui est responsable de la représentation des écritures comptables?,La représentation est-elle une obligation pour tous les commerçants?,Comment la représentation peut-elle influencer le jugement d'un tribunal?
24,Quelle est la définition de la communication dans le contexte des documents comptables?,Dans quelles situations la communication des documents comptables peut-elle être ordonnée?,Quels types d'affaires justifient la demande de communication des documents comptables?,Comment la communication des documents comptables doit-elle être effectuée entre les parties?,Que se passe-t-il si les parties ne parviennent pas à s'accorder sur la communication?,Quel rôle joue le secrétariat greffe dans le processus de communication des documents comptables?,Les documents comptables peuvent-ils être communiqués en dehors des affaires de succession et de liquidation judiciaire?,Quelles sont les implications juridiques de la non-communication des documents comptables?,La communication des documents comptables est-elle limitée à certaines parties prenantes?,Comment la communication des documents comptables contribue-t-elle à la transparence dans les affaires commerciales?
25,Quelle est la conséquence pour un commerçant qui refuse de produire sa comptabilité sur injonction du juge ?,Que peut faire le juge si le commerçant déclare ne pas avoir de comptabilité ?,Quel rôle joue le serment dans le contexte de cet article ?,Qui peut bénéficier du serment lorsque le commerçant refuse de produire sa comptabilité ?,Dans quel contexte le juge intervient-il selon cet article ?,Quelles sont les obligations comptables mentionnées dans le titre de l'article ?,Comment cet article s'inscrit-il dans le cadre plus large des obligations du commerçant ?,Quels types de preuves peuvent être nécessaires pour appuyer les prétentions de l'autre partie ?,Quelle est l'importance de la comptabilité pour un commerçant selon cet article ?,Quels pourraient être les impacts juridiques pour un commerçant qui ne respecte pas ces obligations ?
26,Quelle est la durée de conservation des correspondances selon l'article?,Quels types de correspondances doivent être conservés?,À partir de quelle date commence la période de conservation?,Que se passe-t-il en cas de concordance entre les originaux et les copies?,Quelle force probante ont les originaux et les copies en cas de concordance?,Qui est responsable de la conservation des correspondances?,Les correspondances doivent-elles être conservées sous forme originale ou sous forme de copies?,L'article mentionne-t-il des exceptions à la règle de conservation?,Quels sont les enjeux juridiques liés à la conservation des correspondances?,Comment cet article s'inscrit-il dans le cadre plus large des obligations comptables du commerçant?
27,Quel est le but principal du registre du commerce?,Quels types de registres composent le registre du commerce?,Quelle loi a permis la création de la plateforme électronique pour le registre du commerce?,Comment sont tenus les registres locaux du commerce?,Quelles dispositions régissent la création du registre électronique du commerce?,Quel article mentionne les inscriptions au registre électronique du commerce?,Quel est le rôle de la plateforme électronique dans le processus d'inscription?,Qui est responsable de la gestion du registre central du commerce?,Quels sont les avantages de l'utilisation d'un registre électronique?,Comment la loi n° 88-17 contribue-t-elle à l'accompagnement des entreprises?
28,Qui est responsable de la tenue du registre local?,Quel est le rôle du secrétariat-greffe dans le registre du commerce?,Quels documents doivent être observés pour les inscriptions au registre?,Quelle loi régit le registre du commerce selon l'article?,Quand a été publié le Bulletin Officiel n° 4454?,Quel ministre a émis l'arrêté n° 106-97?,Quels types de documents doivent accompagner la déclaration d'inscription?,Quelle date correspond au 9 ramadan 1417?,Quel chapitre de la loi n° 15-95 traite du registre du commerce?,Comment le registre du commerce est-il surveillé selon l'article?
29,Qui peut demander une copie ou un extrait certifié des inscriptions au registre du commerce ?,Quel type de document peut être délivré pour attester qu'il n'existe point d'inscription ?,"Qui est responsable de certifier les copies, extraits ou certificats du registre ?",Quelles informations peuvent être obtenues à partir du registre du commerce ?,Est-il possible d'obtenir un certificat attestant qu'une inscription a été rayée ?,Quel est le rôle du secrétaire-greffier dans le processus de délivrance des documents ?,Les copies et extraits du registre sont-ils considérés comme des documents officiels ?,Y a-t-il des restrictions sur qui peut accéder aux informations du registre du commerce ?,Comment les documents délivrés par le registre sont-ils certifiés ?,Quelle est la finalité de la tenue du registre du commerce selon cet article ?
30,Quelle est la méthode requise pour l'inscription au registre du commerce?,Quel type de nom doit être inscrit au registre du commerce?,Où doit être situé l'établissement principal du commerçant pour l'inscription?,Qui doit effectuer la demande d'inscription au registre du commerce?,Quel est le rôle du secrétariat-greffe dans le processus d'inscription?,Quelle plateforme est mentionnée pour effectuer l'inscription?,Est-il possible de faire une demande d'inscription par voie traditionnelle?,Quel tribunal est concerné par l'inscription au registre du commerce?,Quelles informations doivent être fournies lors de l'inscription?,Quel est l'objectif principal de l'inscription au registre du commerce?
31,Qui tient le registre central du commerce selon l'article?,Quels sont les deux types de registres mentionnés dans l'article?,Comment les registres sont-ils vérifiés à la fin de chaque mois?,Qui est responsable de la vérification des registres?,Quelle mention est faite lors de la vérification des registres?,Quel est le rôle du président du tribunal dans le contexte de cet article?,Que doit faire le président ou le magistrat s'il soupçonne une infraction à l'article 64?,Quel est le sceau utilisé lors de la vérification des registres?,Quel magistrat est chargé de la surveillance du registre du commerce?,Quelle loi est citée dans le contexte des déclarations suspectes?
32,Quel est le statut du registre central du commerce ?,Comment peut-on consulter le registre central du commerce ?,Quelle plateforme est mentionnée pour l'accès au registre ?,Le registre central du commerce est-il accessible au public ?,Quel type d'entreprises est concerné par le registre central du commerce ?,Quelle est la finalité de la plateforme mentionnée dans l'article ?,Dans quel livre du code de commerce se trouve cet article ?,Quel titre du code de commerce est abordé dans cet article ?,Quel chapitre traite de la publicité au registre du commerce ?,Quelle sous-section est spécifiquement mentionnée dans l'article ?
33,Quel est le but principal du registre central selon l'article?,Quels types de renseignements le registre central centralise-t-il?,Quelles informations sont délivrées sous forme de certificats par le registre central?,À quelle fréquence le registre central publie-t-il un recueil des renseignements?,Quels types de noms sont inclus dans le recueil publié par le registre central?,Qui est responsable de transmettre les informations au registre central?,Quelle est l'importance des dénominations commerciales dans le registre central?,Comment le registre central contribue-t-il à la transparence commerciale?,Quels autres types d'inscriptions peuvent être portés au registre central?,Quelle est la portée géographique du registre central?
34,Quel est le rôle principal du registre central selon l'article?,Qui est responsable de transmettre les mentions au registre central?,Que doit inclure la transcription des mentions au registre central?,Quelle référence doit être mentionnée lors de la transcription?,Quel type d'entités est concerné par l'immatriculation au registre du commerce?,Quelle est la nature de la transcription au registre central?,Dans quel délai le registre central doit-il effectuer la transcription?,Quel est le lien entre le registre central et le registre du commerce local?,Pourquoi est-il important de référencer le registre du commerce local?,Quel chapitre de la loi traite des obligations du commerçant?
35,Quelle est la portée de la protection accordée par la transcription prévue à l'article 30?,Quelles sont les conditions pour que la protection soit valable dans toute l'étendue du Royaume?,Que doivent faire les intéressés pour bénéficier de la protection dans une localité spécifique?,Quel type de dépôt est nécessaire pour qu'un nom de commerçant soit protégé en tant que marque?,À quelle législation doit-on se conformer pour le dépôt d'une dénomination commerciale servant de marque?,Quelle est la différence entre la protection générale et la protection locale mentionnée dans l'article?,Quels sont les enjeux de la protection d'un nom de commerçant?,Comment la transcription à l'article 30 influence-t-elle les droits des commerçants?,Quel rôle joue le registre central du commerce dans la protection des marques?,Pourquoi est-il important de suivre la législation relative aux marques lors du dépôt d'une dénomination commerciale?
36,Quelles sont les trois catégories d'inscriptions au registre du commerce mentionnées dans l'article?,Quel est le titre du chapitre où se trouve l'article?,Dans quelle section l'article est-il situé?,Quel est le livre du code de commerce qui contient cet article?,Que signifie le terme 'immatriculations' dans le contexte des inscriptions au registre?,Quels types de modifications peuvent être apportés aux inscriptions au registre du commerce?,Qu'est-ce que la 'radiation' dans le cadre des inscriptions au registre?,Comment les inscriptions au registre du commerce affectent-elles les obligations du commerçant?,Pourquoi est-il important pour un commerçant de se conformer aux exigences d'inscription?,Quels pourraient être les conséquences d'une inscription incorrecte au registre du commerce?
37,Quelles sont les entités tenues de se faire immatriculer au registre du commerce selon l'article?,L'immatriculation au registre du commerce est-elle obligatoire pour les succursales d'entreprises étrangères?,Quels types d'agences doivent également s'immatriculer au registre du commerce?,Les établissements publics marocains sont-ils soumis à l'immatriculation au registre du commerce?,Quelles sont les conséquences pour une personne physique ou morale qui ne s'immatricule pas?,L'obligation d'immatriculation s'applique-t-elle aux groupements d'intérêt économique?,Quels critères déterminent l'obligation d'immatriculation pour les agences commerciales des États étrangers?,L'immatriculation est-elle requise pour les personnes morales exerçant une activité commerciale?,Comment l'article définit-il une 'activité commerciale'?,Y a-t-il des exceptions mentionnées concernant l'immatriculation au registre du commerce?
38,Quelles sont les conditions nécessaires pour demander l'immatriculation d'un commerçant au registre électronique du commerce?,Qui peut faire une demande d'immatriculation pour une société?,Quel type de document doit être joint à la demande d'immatriculation d'un commerçant?,Les gérants d'une société ont-ils le droit de demander l'immatriculation au registre du commerce?,Quelles sont les exceptions mentionnées concernant la demande d'immatriculation?,Un mandataire peut-il demander l'immatriculation d'un commerçant sans procuration écrite?,"Dans le cas d'un établissement public, qui est responsable de la demande d'immatriculation?",Quelles sont les implications légales si la demande d'immatriculation n'est pas faite conformément aux dispositions législatives?,Est-il possible pour un simple employé de demander l'immatriculation d'une société?,Comment la loi encadre-t-elle la procédure d'immatriculation au registre du commerce?
39,Quel est le caractère de l'immatriculation selon l'article?,Qui ne peut pas être immatriculé à titre principal dans plusieurs registres locaux?,Que fait le juge en cas de non-respect des règles d'immatriculation?,Où doit être déposée la demande d'immatriculation?,Quelles sont les deux options pour un commerçant personne physique concernant son immatriculation?,Quel est le rôle du secrétariat-greffe dans le processus d'immatriculation?,Est-il possible pour une société commerciale d'avoir plusieurs numéros d'immatriculation dans un même registre local?,Quelles conséquences peuvent découler d'une immatriculation incorrecte?,L'immatriculation est-elle obligatoire pour tous les types de commerçants?,Comment l'article définit-il le siège social d'une entreprise?
40,Quelles sont les conditions qui nécessitent une inscription modificative au registre local?,Quels types d'activités doivent être déclarés auprès du registre local?,Où doit être déposée la déclaration d'immatriculation pour une succursale?,Quel est le rôle du registre du commerce dans le processus d'immatriculation?,Quelles informations doivent être indiquées lors de la déclaration d'immatriculation?,Quelle est la différence entre le siège social et le principal établissement dans le contexte de l'immatriculation?,Comment la création d'une nouvelle activité affecte-t-elle les obligations d'inscription?,Quels sont les lieux concernés par l'inscription au registre du commerce?,Est-il nécessaire d'effectuer une inscription pour chaque succursale ou agence ouverte?,Quelles sont les conséquences d'une non-inscription au registre local pour une nouvelle activité?
41,Quelles entités doivent être immatriculées au registre du commerce local selon l'article?,Quel est le critère de localisation pour l'immatriculation au registre du commerce?,Que se passe-t-il en cas de pluralité de fonds exploités?,L'obligation d'immatriculation s'applique-t-elle à tous les fonds exploités?,Quel article est mentionné pour l'inscription des autres fonds?,Quelles types de sociétés sont concernées par cette obligation d'immatriculation?,L'immatriculation est-elle nécessaire pour les établissements publics étrangers?,Quel est le lieu d'immatriculation requis pour les agences commerciales?,Est-ce que le siège social doit être situé en France pour être soumis à cette obligation?,Quels types de fonds sont exemptés de l'obligation d'immatriculation?
42,Quels sont les éléments que doit mentionner un commerçant dans sa déclaration d'immatriculation?,Quelle information est requise concernant l'identité du commerçant?,Comment un commerçant étranger doit-il indiquer son régime matrimonial?,Quelles informations doivent être fournies sur l'activité exercée par le commerçant?,Quels détails doivent être fournis concernant le siège de l'entreprise?,Que doit inclure la déclaration concernant l'origine du fonds de commerce?,Quels sont les éléments relatifs aux fondés de pouvoirs à mentionner?,Quelle est l'importance de la date de commencement d'exploitation dans la déclaration?,Comment un mineur doit-il procéder pour s'immatriculer dans le commerce?,Quelles informations doivent être fournies sur les établissements de commerce précédemment exploités?
43,Quelles sont les conditions pour qu'une personne physique puisse déclarer son adresse de demeure pour son activité commerciale ?,Quel type de document doit être présenté lors de la demande d'immatriculation au registre de commerce ?,Qui est autorisé à exercer l'activité commerciale dans le local déclaré ?,Est-il permis de recevoir des clients dans le local déclaré pour l'activité commerciale ?,Quelle obligation a la personne avant de déposer sa demande d'immatriculation au registre de commerce ?,La déclaration d'adresse de demeure entraîne-t-elle un changement d'affectation de l'immeuble ?,Quelles dispositions fiscales doivent être respectées lors de la déclaration de l'adresse de demeure ?,Quel type de contrat peut servir de preuve pour l'adresse de la demeure ?,La loi permet-elle des exceptions à la déclaration de l'adresse de demeure ?,Quelles sont les conséquences si les conditions énoncées ne sont pas respectées ?
44,Quels éléments doivent être déclarés pour l'inscription au registre du commerce ?,Quel type de brevets doit être mentionné dans la déclaration ?,Quelles marques doivent être déposées par le commerçant ?,La cession du fonds de commerce doit-elle être déclarée ?,Quel est le contexte juridique de l'article 43.17 ?,Quels sont les impacts de l'abrogation du premier point mentionné ?,Comment la publicité au registre du commerce affecte-t-elle les commerçants ?,Quels types de marques sont concernés par cet article ?,Pourquoi est-il important de déclarer les brevets d'invention ?,Quelles sont les conséquences d'une non-déclaration au registre du commerce ?
45,Quelles sont les obligations d'inscription pour le commerçant selon l'article ?,Quels paragraphes de l'article précédent sont mentionnés pour les obligations du commerçant ?,Qui est responsable de l'inscription des décisions judiciaires au registre du commerce ?,Comment la notification est-elle faite au secrétaire-greffier du tribunal ?,Quel type de courrier est utilisé pour la notification au secrétaire-greffier ?,Dans quels cas les inscriptions sont-elles opérées d'office ?,Quel est le rôle du secrétaire-greffier dans le processus d'inscription ?,Quels types de décisions doivent être mentionnés dans les inscriptions ?,Quel tribunal est concerné par les inscriptions au registre du commerce ?,Quelle est la conséquence d'un jugement rendu par le tribunal sur les inscriptions ?
46,Quelles informations doivent être mentionnées dans la déclaration d'immatriculation des sociétés commerciales ?,Qui doit fournir son nom et prénom dans la déclaration d'immatriculation ?,Quels détails concernant les associés doivent être inclus dans la déclaration ?,Quelle plateforme est utilisée pour la déclaration d'immatriculation ?,Quel document d'identité est requis pour les associés dans la déclaration ?,La nationalité des associés doit-elle être mentionnée dans la déclaration ?,Les actionnaires doivent-ils fournir leurs informations dans la déclaration d'immatriculation ?,Quel est le but de la déclaration d'immatriculation pour les sociétés commerciales ?,Quelles sont les conséquences possibles de l'absence d'informations dans la déclaration ?,Comment la date et le lieu de naissance des associés doivent-ils être présentés dans la déclaration ?
47,Quels sont les éléments personnels à déclarer pour l'inscription au registre du commerce?,Quelles informations doivent être fournies concernant les gérants et les membres des organes d'administration?,Comment la nationalité des gérants doit-elle être indiquée dans l'inscription?,Quels types de brevets et marques doivent être déclarés lors de l'inscription?,Qui est responsable de faire la demande d'inscription au registre du commerce?,Quelles décisions judiciaires doivent être inscrites au registre du commerce?,Quelle est la différence entre les étrangers résidents et non-résidents en ce qui concerne l'inscription?,Quels documents d'identité sont requis pour les étrangers non-résidents?,Pourquoi est-il important d'inscrire les décisions judiciaires concernant la dissolution d'une société?,Quel est l'objectif principal de l'inscription au registre du commerce selon cet article?
48,Quels types d'établissements doivent s'immatriculer au registre du commerce selon l'article?,Quelles informations doivent être mentionnées dans la déclaration d'immatriculation?,Quels paragraphes de l'article 42 sont cités dans les obligations d'immatriculation?,Quelle forme d'entreprise doit être indiquée lors de l'immatriculation?,Que doit inclure la déclaration concernant la date de publication au Bulletin officiel?,Quelles adresses doivent être fournies dans la déclaration d'immatriculation?,Quelles informations sont requises concernant les personnes ayant le pouvoir de gérer l'entreprise?,L'article mentionne-t-il des obligations spécifiques pour les agences commerciales des États étrangers?,Quels sont les actes qui doivent être mentionnés s'ils modifient l'organisation de l'entreprise?,Comment l'article précise-t-il la gestion des établissements situés à l'étranger?
49,Quels sont les éléments requis pour l'immatriculation d'un groupement d'intérêt économique ?,Où doit être effectuée l'immatriculation d'un groupement d'intérêt économique ?,Quelle information doit être fournie concernant la dénomination du groupement ?,Quelles indications doivent être fournies pour chaque personne physique membre du groupement ?,Quels détails sont nécessaires pour chaque personne morale membre du groupement ?,Quelles informations doivent être fournies sur les membres des organes d'administration ?,Quelle est la durée d'immatriculation d'un groupement d'intérêt économique ?,Quel document doit être déposé au secrétariat-greffe lors de l'immatriculation ?,Quels numéros doivent être mentionnés pour les membres du groupement ?,Quel est l'objet du groupement et comment doit-il être indiqué ?
50,Quelles sont les obligations d'une personne assujettie à l'immatriculation au registre du commerce concernant ses documents commerciaux?,Quels types de documents doivent mentionner le numéro et le lieu d'immatriculation?,Que doit inclure une facture émise par une succursale ou une agence?,Quel est le rôle du registre analytique dans le contexte de l'immatriculation?,Pourquoi est-il important de mentionner le numéro d'immatriculation sur les documents commerciaux?,Quelles informations doivent être fournies par les succursales ou agences en plus de l'immatriculation principale?,Comment les obligations de publicité au registre du commerce affectent-elles les relations avec les tiers?,Quels types de tiers sont concernés par les obligations de mention sur les documents commerciaux?,Quelle est la portée de la section II concernant les inscriptions au registre du commerce?,Quels pourraient être les conséquences d'un manquement à ces obligations d'immatriculation?
